workload,workload_kind,mode,do_sort,use_morton,block_size,metrics_block_size,run,cycles,parse_ms,exec_ms,ms_per_cycle,total_ms,parse_allocs,exec_allocs,final_count,pre_hot,pre_warm,pre_cold,pre_free,pre_mean_edge_dist,pre_p95_edge_dist,pre_block_local_pct,post_hot,post_warm,post_cold,post_free,post_mean_edge_dist,post_p95_edge_dist,post_block_local_pct
expr_small,expr,baseline,,,,256,0,1,9.271045000787126,1.0337449984945124,1.0337449984945124,10.304789999281638,2,1,5,,,,,,,,,,,,,,
expr_small,expr,baseline,,,,256,1,1,8.453087999441777,1.5258540006470867,1.5258540006470867,9.978942000088864,2,1,5,,,,,,,,,,,,,,
expr_small,expr,baseline,,,,256,2,1,8.433721999608679,1.2366190003376687,1.2366190003376687,9.670340999946347,2,1,5,,,,,,,,,,,,,,
expr_small,expr,bsp-rank,True,False,0,256,0,3,17.51134099868068,6.070379000448156,2.023459666816052,23.581719999128836,5,0,7,1,0,5,65530,1.5,2.6999999999999993,1.0,0,0,7,65529,2.3333333333333335,4.6,1.0
expr_small,expr,bsp-rank,True,False,0,256,1,3,16.00380200034124,5.267035001452314,1.755678333817438,21.270837001793552,5,0,7,1,0,5,65530,1.5,2.6999999999999993,1.0,0,0,7,65529,2.3333333333333335,4.6,1.0
expr_small,expr,bsp-rank,True,False,0,256,2,3,17.619918000491452,5.759199000749504,1.9197330002498347,23.379117001240957,5,0,7,1,0,5,65530,1.5,2.6999999999999993,1.0,0,0,7,65529,2.3333333333333335,4.6,1.0
expr_small,expr,bsp-nosort,False,False,0,256,0,3,16.22695200057933,0.7192430002760375,0.23974766675867917,16.94619500085537,5,1,8,1,0,5,65530,1.5,2.6999999999999993,1.0,0,0,7,65529,1.5,2.6999999999999993,1.0
expr_small,expr,bsp-nosort,False,False,0,256,1,3,17.275494999921648,0.7942730007926002,0.2647576669308667,18.069768000714248,5,1,8,1,0,5,65530,1.5,2.6999999999999993,1.0,0,0,7,65529,1.5,2.6999999999999993,1.0
expr_small,expr,bsp-nosort,False,False,0,256,2,3,16.466962999402313,0.7979080000950489,0.2659693333650163,17.26487099949736,5,1,8,1,0,5,65530,1.5,2.6999999999999993,1.0,0,0,7,65529,1.5,2.6999999999999993,1.0
expr_small,expr,bsp-morton,True,True,0,256,0,3,17.196108999996795,6.641104999289382,2.213701666429794,23.837213999286178,5,0,7,1,0,5,65530,1.5,2.6999999999999993,1.0,0,0,7,65529,2.3333333333333335,4.6,1.0
expr_small,expr,bsp-morton,True,True,0,256,1,3,17.492201999630197,6.036483000571025,2.0121610001903414,23.52868500020122,5,0,7,1,0,5,65530,1.5,2.6999999999999993,1.0,0,0,7,65529,2.3333333333333335,4.6,1.0
expr_small,expr,bsp-morton,True,True,0,256,2,3,20.294411000577384,6.688915998893208,2.229638666297736,26.98332699947059,5,0,7,1,0,5,65530,1.5,2.6999999999999993,1.0,0,0,7,65529,2.3333333333333335,4.6,1.0
expr_small,expr,bsp-block256,True,False,256,256,0,3,17.30028699967079,34.095426999556366,11.365142333185455,51.395713999227155,5,0,7,1,0,5,65530,1.5,2.6999999999999993,1.0,0,0,7,65529,2.3333333333333335,4.6,1.0
expr_small,expr,bsp-block256,True,False,256,256,1,3,24.24410200001148,48.87057099949743,16.29019033316581,73.11467299950891,5,0,7,1,0,5,65530,1.5,2.6999999999999993,1.0,0,0,7,65529,2.3333333333333335,4.6,1.0
expr_small,expr,bsp-block256,True,False,256,256,2,3,35.221677000663476,63.71583100008138,21.23861033336046,98.93750800074486,5,0,7,1,0,5,65530,1.5,2.6999999999999993,1.0,0,0,7,65529,2.3333333333333335,4.6,1.0
expr_small,expr,bsp-morton-block256,True,True,256,256,0,3,30.813442001090152,67.86732299951836,22.622440999839455,98.68076500060852,5,0,7,1,0,5,65530,1.5,2.6999999999999993,1.0,0,0,7,65529,2.3333333333333335,4.6,1.0
expr_small,expr,bsp-morton-block256,True,True,256,256,1,3,35.94809899914253,75.25959000122384,25.086530000407947,111.20768900036637,5,0,7,1,0,5,65530,1.5,2.6999999999999993,1.0,0,0,7,65529,2.3333333333333335,4.6,1.0
expr_small,expr,bsp-morton-block256,True,True,256,256,2,3,37.942803999612806,67.97933599955286,22.65977866651762,105.92213999916567,5,0,7,1,0,5,65530,1.5,2.6999999999999993,1.0,0,0,7,65529,2.3333333333333335,4.6,1.0
expr_reuse,expr,baseline,,,,256,0,1,30.105551000815467,1.1757569991459604,1.1757569991459604,31.281307999961427,5,0,7,,,,,,,,,,,,,,
expr_reuse,expr,baseline,,,,256,1,1,42.55765200105088,1.457418000427424,1.457418000427424,44.01507000147831,5,0,7,,,,,,,,,,,,,,
expr_reuse,expr,baseline,,,,256,2,1,34.45768100027635,1.3133200009178836,1.3133200009178836,35.771001001194236,5,0,7,,,,,,,,,,,,,,
expr_reuse,expr,bsp-rank,True,False,0,256,0,3,193.0843720001576,6.67690800037235,2.225636000124117,199.76128000052995,47,14,63,15,0,33,65488,2.760869565217391,10.5,1.0,7,0,56,65473,16.54901960784314,56.0,1.0
expr_reuse,expr,bsp-rank,True,False,0,256,1,3,276.865630001339,7.509631999710109,2.503210666570036,284.3752620010491,47,14,63,15,0,33,65488,2.760869565217391,10.5,1.0,7,0,56,65473,16.54901960784314,56.0,1.0
expr_reuse,expr,bsp-rank,True,False,0,256,2,3,218.56500300054904,6.770899999537505,2.256966666512502,225.33590300008655,47,14,63,15,0,33,65488,2.760869565217391,10.5,1.0,7,0,56,65473,16.54901960784314,56.0,1.0
expr_reuse,expr,bsp-nosort,False,False,0,256,0,3,365.76001400135283,1.8540010005381191,0.6180003335127063,367.61401500189095,47,18,67,15,0,33,65488,2.760869565217391,10.5,1.0,7,0,59,65470,19.0,46.0,1.0
expr_reuse,expr,bsp-nosort,False,False,0,256,1,3,290.67833900080586,1.0195929990004515,0.3398643330001505,291.6979319998063,47,18,67,15,0,33,65488,2.760869565217391,10.5,1.0,7,0,59,65470,19.0,46.0,1.0
expr_reuse,expr,bsp-nosort,False,False,0,256,2,3,185.49772500045947,0.7849480007280363,0.2616493335760121,186.2826730011875,47,18,67,15,0,33,65488,2.760869565217391,10.5,1.0,7,0,59,65470,19.0,46.0,1.0
expr_reuse,expr,bsp-morton,True,True,0,256,0,3,213.5849820006115,9.136986000157776,3.0456620000525922,222.72196800076927,47,14,63,15,0,33,65488,2.760869565217391,10.5,1.0,7,0,56,65473,16.54901960784314,56.0,1.0
expr_reuse,expr,bsp-morton,True,True,0,256,1,3,261.8774359998497,10.980031000144663,3.6600103333815546,272.85746699999436,47,14,63,15,0,33,65488,2.760869565217391,10.5,1.0,7,0,56,65473,16.54901960784314,56.0,1.0
expr_reuse,expr,bsp-morton,True,True,0,256,2,3,268.955826999445,6.89117699948838,2.29705899982946,275.84700399893336,47,14,63,15,0,33,65488,2.760869565217391,10.5,1.0,7,0,56,65473,16.54901960784314,56.0,1.0
expr_reuse,expr,bsp-block256,True,False,256,256,0,3,307.72973199964326,60.22638999820629,20.075463332735428,367.95612199784955,47,14,63,15,0,33,65488,2.760869565217391,10.5,1.0,7,0,56,65473,16.54901960784314,56.0,1.0
expr_reuse,expr,bsp-block256,True,False,256,256,1,3,202.5515910008835,33.51447499881033,11.171491666270109,236.06606599969382,47,14,63,15,0,33,65488,2.760869565217391,10.5,1.0,7,0,56,65473,16.54901960784314,56.0,1.0
expr_reuse,expr,bsp-block256,True,False,256,256,2,3,162.76230800031044,30.894954999894253,10.298318333298084,193.6572630002047,47,14,63,15,0,33,65488,2.760869565217391,10.5,1.0,7,0,56,65473,16.54901960784314,56.0,1.0
expr_reuse,expr,bsp-morton-block256,True,True,256,256,0,3,166.45733499899507,34.69573300026241,11.565244333420802,201.15306799925747,47,14,63,15,0,33,65488,2.760869565217391,10.5,1.0,7,0,56,65473,16.54901960784314,56.0,1.0
expr_reuse,expr,bsp-morton-block256,True,True,256,256,1,3,161.01542099931976,31.832896998821525,10.610965666273842,192.84831799814128,47,14,63,15,0,33,65488,2.760869565217391,10.5,1.0,7,0,56,65473,16.54901960784314,56.0,1.0
expr_reuse,expr,bsp-morton-block256,True,True,256,256,2,3,162.88793999956397,33.516859000883414,11.172286333627804,196.40479900044738,47,14,63,15,0,33,65488,2.760869565217391,10.5,1.0,7,0,56,65473,16.54901960784314,56.0,1.0
expr_balanced,expr,baseline,,,,256,0,1,26.27286700044351,0.8955299999797717,0.8955299999797717,27.168397000423283,8,0,10,,,,,,,,,,,,,,
expr_balanced,expr,baseline,,,,256,1,1,26.443085000209976,0.7677480007259874,0.7677480007259874,27.210833000935963,8,0,10,,,,,,,,,,,,,,
expr_balanced,expr,baseline,,,,256,2,1,28.37085200008005,0.6741759989381535,0.6741759989381535,29.045027999018203,8,0,10,,,,,,,,,,,,,,
expr_balanced,expr,bsp-rank,True,False,0,256,0,3,1121.256739999808,8.314693999636802,2.7715646665456006,1129.5714339994447,255,100,357,63,0,193,65280,3.7755905511811023,16.0,0.9921259842519685,31,0,326,65179,90.01869158878505,326.0,0.7507788161993769
expr_balanced,expr,bsp-rank,True,False,0,256,1,3,989.208184000745,5.891029999474995,1.963676666491665,995.09921400022,255,100,357,63,0,193,65280,3.7755905511811023,16.0,0.9921259842519685,31,0,326,65179,90.01869158878505,326.0,0.7507788161993769
expr_balanced,expr,bsp-rank,True,False,0,256,2,3,856.254202000855,6.047597998986021,2.0158659996620067,862.301799999841,255,100,357,63,0,193,65280,3.7755905511811023,16.0,0.9921259842519685,31,0,326,65179,90.01869158878505,326.0,0.7507788161993769
expr_balanced,expr,bsp-nosort,False,False,0,256,0,3,924.995076000414,0.7641880001756363,0.25472933339187875,925.7592640005896,255,104,361,63,0,193,65280,3.7755905511811023,16.0,0.9921259842519685,31,0,329,65176,73.21165644171779,259.0,0.6503067484662577
expr_balanced,expr,bsp-nosort,False,False,0,256,1,3,892.0607449999807,0.75836399992113,0.25278799997371,892.8191089999018,255,104,361,63,0,193,65280,3.7755905511811023,16.0,0.9921259842519685,31,0,329,65176,73.21165644171779,259.0,0.6503067484662577
expr_balanced,expr,bsp-nosort,False,False,0,256,2,3,1098.3966830008285,1.1352330002409872,0.3784110000803291,1099.5319160010695,255,104,361,63,0,193,65280,3.7755905511811023,16.0,0.9921259842519685,31,0,329,65176,73.21165644171779,259.0,0.6503067484662577
expr_balanced,expr,bsp-morton,True,True,0,256,0,3,1214.332760000616,9.099913000682136,3.033304333560712,1223.432673001298,255,100,357,63,0,193,65280,3.7755905511811023,16.0,0.9921259842519685,31,0,326,65179,90.01869158878505,326.0,0.7507788161993769
expr_balanced,expr,bsp-morton,True,True,0,256,1,3,1033.0510670009971,6.784684999729507,2.2615616665765024,1039.8357520007266,255,100,357,63,0,193,65280,3.7755905511811023,16.0,0.9921259842519685,31,0,326,65179,90.01869158878505,326.0,0.7507788161993769
expr_balanced,expr,bsp-morton,True,True,0,256,2,3,871.8196480003826,6.6709860002447385,2.2236620000815797,878.4906340006273,255,100,357,63,0,193,65280,3.7755905511811023,16.0,0.9921259842519685,31,0,326,65179,90.01869158878505,326.0,0.7507788161993769
expr_balanced,expr,bsp-block256,True,False,256,256,0,3,969.2854340009944,49.333164000927354,16.444388000309118,1018.6185980019218,255,98,355,63,0,193,65280,3.7755905511811023,16.0,0.9921259842519685,30,0,324,65182,91.9211356466877,305.2,0.6593059936908517
expr_balanced,expr,bsp-block256,True,False,256,256,1,3,1235.6167649995768,48.58376300035161,16.19458766678387,1284.2005279999285,255,98,355,63,0,193,65280,3.7755905511811023,16.0,0.9921259842519685,30,0,324,65182,91.9211356466877,305.2,0.6593059936908517
expr_balanced,expr,bsp-block256,True,False,256,256,2,3,1300.977024000531,52.494649000436766,17.498216333478922,1353.4716730009677,255,98,355,63,0,193,65280,3.7755905511811023,16.0,0.9921259842519685,30,0,324,65182,91.9211356466877,305.2,0.6593059936908517
expr_balanced,expr,bsp-morton-block256,True,True,256,256,0,3,1032.836729000337,33.63898600036919,11.212995333456396,1066.4757150007063,255,98,355,63,0,193,65280,3.7755905511811023,16.0,0.9921259842519685,30,0,324,65182,91.9211356466877,305.2,0.6593059936908517
expr_balanced,expr,bsp-morton-block256,True,True,256,256,1,3,851.5207350010314,31.77971399964008,10.593237999880026,883.3004490006715,255,98,355,63,0,193,65280,3.7755905511811023,16.0,0.9921259842519685,30,0,324,65182,91.9211356466877,305.2,0.6593059936908517
expr_balanced,expr,bsp-morton-block256,True,True,256,256,2,3,1052.864139999656,48.486884001249564,16.162294667083188,1101.3510240009055,255,98,355,63,0,193,65280,3.7755905511811023,16.0,0.9921259842519685,30,0,324,65182,91.9211356466877,305.2,0.6593059936908517
expr_chain,expr,baseline,,,,256,0,1,346.0491900004854,1.161926000349922,1.161926000349922,347.2111160008353,65,0,67,,,,,,,,,,,,,,
expr_chain,expr,baseline,,,,256,1,1,367.6157220015739,1.1838260015792912,1.1838260015792912,368.7995480031532,65,0,67,,,,,,,,,,,,,,
expr_chain,expr,baseline,,,,256,2,1,359.8892390000401,0.8428199998888886,0.8428199998888886,360.732058999929,65,0,67,,,,,,,,,,,,,,
expr_chain,expr,bsp-rank,True,False,0,256,0,3,947.5676419988304,8.368849001271883,2.7896163337572943,955.9364910001023,194,0,196,64,0,131,65341,1.6632124352331605,3.0,1.0,63,0,133,65340,34.33507853403141,123.5,1.0
expr_chain,expr,bsp-rank,True,False,0,256,1,3,1135.3860369999893,5.863635000423528,1.9545450001411762,1141.2496720004128,194,0,196,64,0,131,65341,1.6632124352331605,3.0,1.0,63,0,133,65340,34.33507853403141,123.5,1.0
expr_chain,expr,bsp-rank,True,False,0,256,2,3,707.666166999843,5.597490000582184,1.8658300001940613,713.2636570004252,194,0,196,64,0,131,65341,1.6632124352331605,3.0,1.0,63,0,133,65340,34.33507853403141,123.5,1.0
expr_chain,expr,bsp-nosort,False,False,0,256,0,3,695.863195000129,0.9209389991156058,0.30697966637186863,696.7841339992447,194,4,200,64,0,131,65341,1.6632124352331605,3.0,1.0,63,0,136,65337,8.372448979591837,3.0,1.0
expr_chain,expr,bsp-nosort,False,False,0,256,1,3,838.4172579990263,1.086872000087169,0.362290666695723,839.5041299991135,194,4,200,64,0,131,65341,1.6632124352331605,3.0,1.0,63,0,136,65337,8.372448979591837,3.0,1.0
expr_chain,expr,bsp-nosort,False,False,0,256,2,3,1069.4045549989823,1.2037870001222473,0.4012623333740824,1070.6083419991046,194,4,200,64,0,131,65341,1.6632124352331605,3.0,1.0,63,0,136,65337,8.372448979591837,3.0,1.0
expr_chain,expr,bsp-morton,True,True,0,256,0,3,1071.0407229998964,9.010569001475233,3.0035230004917444,1080.0512920013716,194,0,196,64,0,131,65341,1.6632124352331605,3.0,1.0,63,0,133,65340,34.33507853403141,123.5,1.0
expr_chain,expr,bsp-morton,True,True,0,256,1,3,1037.9368659996544,9.692517000075895,3.2308390000252984,1047.6293829997303,194,0,196,64,0,131,65341,1.6632124352331605,3.0,1.0,63,0,133,65340,34.33507853403141,123.5,1.0
expr_chain,expr,bsp-morton,True,True,0,256,2,3,916.596302000471,5.783734999567969,1.9279116665226563,922.380037000039,194,0,196,64,0,131,65341,1.6632124352331605,3.0,1.0,63,0,133,65340,34.33507853403141,123.5,1.0
expr_chain,expr,bsp-block256,True,False,256,256,0,3,980.4622940009722,48.206555999058764,16.068851999686256,1028.668850000031,194,0,196,64,0,131,65341,1.6632124352331605,3.0,1.0,63,0,133,65340,34.33507853403141,123.5,1.0
expr_chain,expr,bsp-block256,True,False,256,256,1,3,987.5694579986884,31.60964200105809,10.53654733368603,1019.1790999997465,194,0,196,64,0,131,65341,1.6632124352331605,3.0,1.0,63,0,133,65340,34.33507853403141,123.5,1.0
expr_chain,expr,bsp-block256,True,False,256,256,2,3,929.6703449999768,48.16387000028044,16.054623333426814,977.8342150002572,194,0,196,64,0,131,65341,1.6632124352331605,3.0,1.0,63,0,133,65340,34.33507853403141,123.5,1.0
expr_chain,expr,bsp-morton-block256,True,True,256,256,0,3,958.6551760003204,49.60419500093849,16.534731666979496,1008.2593710012588,194,0,196,64,0,131,65341,1.6632124352331605,3.0,1.0,63,0,133,65340,34.33507853403141,123.5,1.0
expr_chain,expr,bsp-morton-block256,True,True,256,256,1,3,1039.7932270007004,49.594558999160654,16.531519666386885,1089.387785999861,194,0,196,64,0,131,65341,1.6632124352331605,3.0,1.0,63,0,133,65340,34.33507853403141,123.5,1.0
expr_chain,expr,bsp-morton-block256,True,True,256,256,2,3,1058.689833000244,51.1783120000473,17.0594373333491,1109.8681450002914,194,0,196,64,0,131,65341,1.6632124352331605,3.0,1.0,63,0,133,65340,34.33507853403141,123.5,1.0
arena_dense,arena,bsp-rank,True,False,0,256,0,3,0.0,5.209091001233901,1.736363667077967,5.209091001233901,0,7220,31220,10815,0,13184,41537,7973.345923140947,18470.9,0.011078265361765635,4191,0,27029,34316,9899.37547964436,26719.0,0.005864919669318359
arena_dense,arena,bsp-rank,True,False,0,256,1,3,0.0,6.141137999293278,2.047045999764426,6.141137999293278,0,7220,31220,10815,0,13184,41537,7973.345923140947,18470.9,0.011078265361765635,4191,0,27029,34316,9899.37547964436,26719.0,0.005864919669318359
arena_dense,arena,bsp-rank,True,False,0,256,2,3,0.0,5.638484000883182,1.8794946669610606,5.638484000883182,0,7220,31220,10815,0,13184,41537,7973.345923140947,18470.9,0.011078265361765635,4191,0,27029,34316,9899.37547964436,26719.0,0.005864919669318359
arena_dense,arena,bsp-nosort,False,False,0,256,0,3,0.0,0.6320769989542896,0.2106923329847632,0.6320769989542896,0,7221,31221,10815,0,13184,41537,7973.345923140947,18470.9,0.011078265361765635,4191,0,27028,34317,9882.60611449072,22877.0,0.006551240056153486
arena_dense,arena,bsp-nosort,False,False,0,256,1,3,0.0,0.7096959998307284,0.23656533327690946,0.7096959998307284,0,7221,31221,10815,0,13184,41537,7973.345923140947,18470.9,0.011078265361765635,4191,0,27028,34317,9882.60611449072,22877.0,0.006551240056153486
arena_dense,arena,bsp-nosort,False,False,0,256,2,3,0.0,0.6070720010029618,0.20235733366765393,0.6070720010029618,0,7221,31221,10815,0,13184,41537,7973.345923140947,18470.9,0.011078265361765635,4191,0,27028,34317,9882.60611449072,22877.0,0.006551240056153486
arena_dense,arena,bsp-morton,True,True,0,256,0,3,0.0,6.527921999804676,2.1759739999348917,6.527921999804676,0,7221,31221,10815,0,13184,41537,7973.345923140947,18470.9,0.011078265361765635,4191,0,27030,34315,11263.121416315707,27051.6,0.007050382155669942
arena_dense,arena,bsp-morton,True,True,0,256,1,3,0.0,5.433783000626136,1.811261000208712,5.433783000626136,0,7221,31221,10815,0,13184,41537,7973.345923140947,18470.9,0.011078265361765635,4191,0,27030,34315,11263.121416315707,27051.6,0.007050382155669942
arena_dense,arena,bsp-morton,True,True,0,256,2,3,0.0,6.226751000212971,2.075583666737657,6.226751000212971,0,7221,31221,10815,0,13184,41537,7973.345923140947,18470.9,0.011078265361765635,4191,0,27030,34315,11263.121416315707,27051.6,0.007050382155669942
arena_dense,arena,bsp-block256,True,False,256,256,0,3,0.0,30.232446000809432,10.07748200026981,30.232446000809432,0,7218,31218,10815,0,13184,41537,7973.345923140947,18470.9,0.011078265361765635,4190,0,27027,34319,9888.681257995071,22880.5,0.0065520576581073915
arena_dense,arena,bsp-block256,True,False,256,256,1,3,0.0,30.943560999730835,10.314520333243612,30.943560999730835,0,7218,31218,10815,0,13184,41537,7973.345923140947,18470.9,0.011078265361765635,4190,0,27027,34319,9888.681257995071,22880.5,0.0065520576581073915
arena_dense,arena,bsp-block256,True,False,256,256,2,3,0.0,29.376702001172816,9.79223400039094,29.376702001172816,0,7218,31218,10815,0,13184,41537,7973.345923140947,18470.9,0.011078265361765635,4190,0,27027,34319,9888.681257995071,22880.5,0.0065520576581073915
arena_dense,arena,bsp-morton-block256,True,True,256,256,0,3,0.0,30.519138999807183,10.173046333269061,30.519138999807183,0,7218,31218,10815,0,13184,41537,7973.345923140947,18470.9,0.011078265361765635,4190,0,27027,34319,9888.681257995071,22880.5,0.0065520576581073915
arena_dense,arena,bsp-morton-block256,True,True,256,256,1,3,0.0,33.91280600044411,11.304268666814702,33.91280600044411,0,7218,31218,10815,0,13184,41537,7973.345923140947,18470.9,0.011078265361765635,4190,0,27027,34319,9888.681257995071,22880.5,0.0065520576581073915
arena_dense,arena,bsp-morton-block256,True,True,256,256,2,3,0.0,29.933144000096945,9.977714666698981,29.933144000096945,0,7218,31218,10815,0,13184,41537,7973.345923140947,18470.9,0.011078265361765635,4190,0,27027,34319,9888.681257995071,22880.5,0.0065520576581073915
arena_sparse,arena,bsp-rank,True,False,0,256,0,3,0.0,4.885144000581931,1.6283813335273105,4.885144000581931,0,1429,13429,3628,0,8371,53537,3978.0020413370758,9266.0,0.022646083184485837,712,0,12717,52107,4081.488450787112,10076.099999999991,0.017949095189053993
arena_sparse,arena,bsp-rank,True,False,0,256,1,3,0.0,4.952020999553497,1.6506736665178323,4.952020999553497,0,1429,13429,3628,0,8371,53537,3978.0020413370758,9266.0,0.022646083184485837,712,0,12717,52107,4081.488450787112,10076.099999999991,0.017949095189053993
arena_sparse,arena,bsp-rank,True,False,0,256,2,3,0.0,5.6926549987110775,1.8975516662370258,5.6926549987110775,0,1429,13429,3628,0,8371,53537,3978.0020413370758,9266.0,0.022646083184485837,712,0,12717,52107,4081.488450787112,10076.099999999991,0.017949095189053993
arena_sparse,arena,bsp-nosort,False,False,0,256,0,3,0.0,0.6193909994181013,0.20646366647270042,0.6193909994181013,0,1430,13430,3628,0,8371,53537,3978.0020413370758,9266.0,0.022646083184485837,711,0,12717,52108,4387.187849367461,10176.5,0.01882906737275669
arena_sparse,arena,bsp-nosort,False,False,0,256,1,3,0.0,0.9144819996436127,0.30482733321453753,0.9144819996436127,0,1430,13430,3628,0,8371,53537,3978.0020413370758,9266.0,0.022646083184485837,711,0,12717,52108,4387.187849367461,10176.5,0.01882906737275669
arena_sparse,arena,bsp-nosort,False,False,0,256,2,3,0.0,0.8086319994617952,0.2695439998205984,0.8086319994617952,0,1430,13430,3628,0,8371,53537,3978.0020413370758,9266.0,0.022646083184485837,711,0,12717,52108,4387.187849367461,10176.5,0.01882906737275669
arena_sparse,arena,bsp-morton,True,True,0,256,0,3,0.0,6.517175999761093,2.1723919999203645,6.517175999761093,0,1429,13429,3628,0,8371,53537,3978.0020413370758,9266.0,0.022646083184485837,711,0,12718,52107,4567.69606472968,10724.0,0.01699154100772343
arena_sparse,arena,bsp-morton,True,True,0,256,1,3,0.0,5.841131000124733,1.9470436667082442,5.841131000124733,0,1429,13429,3628,0,8371,53537,3978.0020413370758,9266.0,0.022646083184485837,711,0,12718,52107,4567.69606472968,10724.0,0.01699154100772343
arena_sparse,arena,bsp-morton,True,True,0,256,2,3,0.0,5.45210200107249,1.8173673336908298,5.45210200107249,0,1429,13429,3628,0,8371,53537,3978.0020413370758,9266.0,0.022646083184485837,711,0,12718,52107,4567.69606472968,10724.0,0.01699154100772343
arena_sparse,arena,bsp-block256,True,False,256,256,0,3,0.0,33.16945500046131,11.05648500015377,33.16945500046131,0,1427,13427,3628,0,8371,53537,3978.0020413370758,9266.0,0.022646083184485837,711,0,12715,52110,4393.6920020601865,10214.0,0.01883599440806416
arena_sparse,arena,bsp-block256,True,False,256,256,1,3,0.0,31.365163000373286,10.455054333457761,31.365163000373286,0,1427,13427,3628,0,8371,53537,3978.0020413370758,9266.0,0.022646083184485837,711,0,12715,52110,4393.6920020601865,10214.0,0.01883599440806416
arena_sparse,arena,bsp-block256,True,False,256,256,2,3,0.0,29.895137000494287,9.96504566683143,29.895137000494287,0,1427,13427,3628,0,8371,53537,3978.0020413370758,9266.0,0.022646083184485837,711,0,12715,52110,4393.6920020601865,10214.0,0.01883599440806416
arena_sparse,arena,bsp-morton-block256,True,True,256,256,0,3,0.0,27.42745300020033,9.14248433340011,27.42745300020033,0,1427,13427,3628,0,8371,53537,3978.0020413370758,9266.0,0.022646083184485837,711,0,12715,52110,4393.6920020601865,10214.0,0.01883599440806416
arena_sparse,arena,bsp-morton-block256,True,True,256,256,1,3,0.0,28.725681999276276,9.575227333092093,28.725681999276276,0,1427,13427,3628,0,8371,53537,3978.0020413370758,9266.0,0.022646083184485837,711,0,12715,52110,4393.6920020601865,10214.0,0.01883599440806416
arena_sparse,arena,bsp-morton-block256,True,True,256,256,2,3,0.0,27.9039710003417,9.301323666780567,27.9039710003417,0,1427,13427,3628,0,8371,53537,3978.0020413370758,9266.0,0.022646083184485837,711,0,12715,52110,4393.6920020601865,10214.0,0.01883599440806416
arena_shatter,arena,bsp-rank,True,False,0,256,0,3,0.0,4.83257800078718,1.6108593335957266,4.83257800078718,0,11501,31501,11030,0,8969,45537,6703.593569794788,15482.0,0.012499597306787796,6794,0,24707,34035,10795.31778425656,25861.0,0.00473017195216279
arena_shatter,arena,bsp-rank,True,False,0,256,1,3,0.0,4.639093000150751,1.5463643333835837,4.639093000150751,0,11501,31501,11030,0,8969,45537,6703.593569794788,15482.0,0.012499597306787796,6794,0,24707,34035,10795.31778425656,25861.0,0.00473017195216279
arena_shatter,arena,bsp-rank,True,False,0,256,2,3,0.0,5.915063999054837,1.9716879996849457,5.915063999054837,0,11501,31501,11030,0,8969,45537,6703.593569794788,15482.0,0.012499597306787796,6794,0,24707,34035,10795.31778425656,25861.0,0.00473017195216279
arena_shatter,arena,bsp-nosort,False,False,0,256,0,3,0.0,0.7131680013117148,0.2377226671039049,0.7131680013117148,0,11502,31502,11030,0,8969,45537,6703.593569794788,15482.0,0.012499597306787796,6794,0,24707,34035,10326.725628439684,23223.3,0.004730031236055332
arena_shatter,arena,bsp-nosort,False,False,0,256,1,3,0.0,0.8186530012608273,0.2728843337536091,0.8186530012608273,0,11502,31502,11030,0,8969,45537,6703.593569794788,15482.0,0.012499597306787796,6794,0,24707,34035,10326.725628439684,23223.3,0.004730031236055332
arena_shatter,arena,bsp-nosort,False,False,0,256,2,3,0.0,0.7417550004902296,0.24725166683007652,0.7417550004902296,0,11502,31502,11030,0,8969,45537,6703.593569794788,15482.0,0.012499597306787796,6794,0,24707,34035,10326.725628439684,23223.3,0.004730031236055332
arena_shatter,arena,bsp-morton,True,True,0,256,0,3,0.0,5.679805000909255,1.8932683336364182,5.679805000909255,0,11501,31501,11030,0,8969,45537,6703.593569794788,15482.0,0.012499597306787796,6794,0,24707,34035,12068.856760374832,26817.0,0.005562992711587089
arena_shatter,arena,bsp-morton,True,True,0,256,1,3,0.0,5.330564999894705,1.7768549999649015,5.330564999894705,0,11501,31501,11030,0,8969,45537,6703.593569794788,15482.0,0.012499597306787796,6794,0,24707,34035,12068.856760374832,26817.0,0.005562992711587089
arena_shatter,arena,bsp-morton,True,True,0,256,2,3,0.0,5.768613000327605,1.9228710001092015,5.768613000327605,0,11501,31501,11030,0,8969,45537,6703.593569794788,15482.0,0.012499597306787796,6794,0,24707,34035,12068.856760374832,26817.0,0.005562992711587089
arena_shatter,arena,bsp-block256,True,False,256,256,0,3,0.0,29.203546999269747,9.734515666423249,29.203546999269747,0,11499,31499,11030,0,8969,45537,6703.593569794788,15482.0,0.012499597306787796,6793,0,24705,34038,10331.65417112936,23236.14999999998,0.004730453409496608
arena_shatter,arena,bsp-block256,True,False,256,256,1,3,0.0,31.535406000330113,10.511802000110038,31.535406000330113,0,11499,31499,11030,0,8969,45537,6703.593569794788,15482.0,0.012499597306787796,6793,0,24705,34038,10331.65417112936,23236.14999999998,0.004730453409496608
arena_shatter,arena,bsp-block256,True,False,256,256,2,3,0.0,28.33536800062575,9.44512266687525,28.33536800062575,0,11499,31499,11030,0,8969,45537,6703.593569794788,15482.0,0.012499597306787796,6793,0,24705,34038,10331.65417112936,23236.14999999998,0.004730453409496608
arena_shatter,arena,bsp-morton-block256,True,True,256,256,0,3,0.0,48.214382000878686,16.071460666959563,48.214382000878686,0,11499,31499,11030,0,8969,45537,6703.593569794788,15482.0,0.012499597306787796,6793,0,24705,34038,10331.65417112936,23236.14999999998,0.004730453409496608
arena_shatter,arena,bsp-morton-block256,True,True,256,256,1,3,0.0,47.716393999508,15.905464666502667,47.716393999508,0,11499,31499,11030,0,8969,45537,6703.593569794788,15482.0,0.012499597306787796,6793,0,24705,34038,10331.65417112936,23236.14999999998,0.004730453409496608
arena_shatter,arena,bsp-morton-block256,True,True,256,256,2,3,0.0,50.17739000140864,16.725796667136212,50.17739000140864,0,11499,31499,11030,0,8969,45537,6703.593569794788,15482.0,0.012499597306787796,6793,0,24705,34038,10331.65417112936,23236.14999999998,0.004730453409496608
